Workbook

Sheet Source_Data
A1: Format | B1: Summary Bucket | C1: Chain (source) | D1: Jun-25 | E1: Jul-25 | F1: Aug-25 | G1: Sep-25 | H1: Oct-25 | I1: Nov-25 | J1: Dec-25 | K1: Jan-26 | L1: Feb-26 | M1: Mar-26 | N1: Apr-26 | O1: May-26 | P1: Jun-26 | Q1: Remarks
A2: Hyper/Super | B2: D-Mart | C2: Dmart | D2: 856 | E2: 780 | F2: 801 | G2: 723 | H2: 993 | I2: 967 | J2: 943 | K2: 967 | L2: 928 | M2: 1226 | N2: 1258 | O2: 1518 | P2: 1412
A3: Hyper/Super | B3: Reliance | C3: Reliance | D3: 592 | E3: 557 | F3: 769 | G3: 543 | H3: 667 | I3: 679 | J3: 716 | K3: 900 | L3: 757 | M3: 805 | N3: 868 | O3: 990 | Q3: Jun-26 pending
A4: Hyper/Super | B4: Lulu | C4: Lulu | D4: 44 | E4: 47 | F4: 53 | G4: 53 | H4: 65 | I4: 70 | J4: 86 | K4: 103 | L4: 70 | M4: 78 | N4: 101 | O4: 116 | P4: 116
A5: Hyper/Super | B5: More | C5: More Retail | D5: 34 | E5: 35 | F5: 34 | G5: 34 | H5: 41 | I5: 41 | J5: 41 | K5: 39 | L5: 39 | M5: 45 | N5: 45 | O5: 55 | Q5: Jun-26 pending
A6: Hyper/Super | B6: HS-Others | C6: Spencer | D6: 15 | E6: 14 | F6: 10 | G6: 10 | H6: 10 | I6: 11 | J6: 22 | K6: 13 | L6: 14 | M6: 12 | N6: 12 | O6: 12 | Q6: Jun-26 pending
A7: Hyper/Super | B7: HS-Others | C7: Vmm | D7: 12 | E7: 13 | F7: 11 | G7: 9 | H7: 6 | I7: 3 | J7: 10 | K7: 17 | L7: 14 | M7: 25 | N7: 28 | O7: 31 | P7: 28
A8: Hyper/Super | B8: HS-Others | C8: V-Mart | D8: 3 | E8: 1 | F8: 2 | G8: 2 | H8: 1 | I8: 20 | J8: 19 | K8: 14 | L8: 15 | M8: 18 | N8: 15 | O8: 10 | P8: 13
A9: Hyper/Super | B9: HS-Others | C9: Trent | D9: 4 | E9: 4 | F9: 6 | G9: 5 | H9: 5 | I9: 6 | J9: 5 | K9: 6 | L9: 4 | M9: 6 | N9: 7 | O9: 8 | Q9: Jun-26 pending
A10: Hyper/Super | B10: HS-Others | C10: Spar | Q10: ASSUMED map->HS-Others: not in mapping sheet - confirm
A11: Pharmacy | B11: Apollo | C11: Apollo | D11: 275 | E11: 287 | F11: 327 | G11: 306 | H11: 430 | I11: 555 | J11: 567 | K11: 534 | L11: 511 | M11: 570 | N11: 699 | O11: 751 | Q11: Jun-26 pending
A12: Pharmacy | B12: Wellness | C12: Wellness Forever | D12: 74 | E12: 72 | F12: 73 | G12: 66 | H12: 89 | I12: 94 | J12: 88 | K12: 82 | L12: 86 | M12: 98 | N12: 110 | O12: 102 | P12: 80
A13: Pharmacy | B13: Drug-Others | C13: Frankros | D13: 1 | E13: 1 | F13: 1 | G13: 1 | H13: 1 | I13: 3 | J13: 3 | K13: 4 | L13: 3 | M13: 3 | N13: 4 | O13: 10 | P13: 7
A14: Pharmacy | B14: Drug-Others | C14: Arambagh | D14: 1 | E14: 1 | F14: 1 | G14: 3 | H14: 3 | I14: 1 | J14: 2 | K14: 2 | L14: 2 | M14: 3 | N14: 7 | O14: 5 | Q14: Jun-26 pending
A15: Pharmacy | B15: Drug-Others | C15: Guardian | D15: 1 | E15: 1 | F15: 1 | G15: 1 | H15: 1 | I15: 1 | J15: 2 | K15: 2 | L15: 2 | M15: 2 | N15: 2 | O15: 2 | P15: 2
A16: Regional | B16: Regional | C16: Sancus(Rmt) | D16: 36 | E16: 41 | F16: 30 | G16: 47 | H16: 30 | I16: 33 | J16: 54 | K16: 35 | L16: 28 | M16: 42 | N16: 58 | O16: 46 | P16: 40
A17: Regional | B17: Regional | C17: Ratandeep | D17: 7 | E17: 11 | F17: 5 | G17: 5 | H17: 3 | J17: 10 | K17: 6 | L17: 6 | M17: 3 | N17: 3 | O17: 3 | Q17: Jun-26 pending
A18: Regional | B18: Regional | C18: Vijetha | D18: 4 | E18: 3 | Q18: Reporting stopped after Jul-25
A19: Regional | B19: Regional | C19: National Mart | N19: 2 | O19: 2 | P19: 4 | Q19: ASSUMED map->Regional - confirm
A20: Regional | B20: Regional | C20: Sasta Sundar | D20: 0 | E20: 0 | F20: 1 | G20: 1 | H20: 1 | I20: 1 | J20: 0 | K20: 0 | L20: 1 | M20: 1 | N20: 1 | O20: 1 | P20: 1
A21: Regional | B21: Regional | C21: Sumo Save | M21: 0 | N21: 1 | O21: 2 | P21: 1 | Q21: ASSUMED map->Regional - confirm
A22: Regional | B22: Regional | C22: Ratanadeep | P22: 3 | Q22: Dup of Ratandeep? confirm
A23: Regional | B23: Regional | C23: Apna Mart | M23: 3 | Q23: ASSUMED map->Regional - confirm
A24: Regional | B24: Regional | C24: Sohum | Q24: Sohum Shoppe -> Regional/Others (no data yet)
A25: H&B | B25: H&B | C25: H&G | D25: 81 | E25: 79 | F25: 89 | G25: 85 | H25: 67 | I25: 66 | J25: 71 | K25: 80 | L25: 48 | M25: 51 | N25: 62 | O25: 87 | P25: 52
A26: H&B | B26: H&B | C26: Wh-Smith | D26: 1 | E26: 1 | F26: 1 | G26: 1 | H26: 1 | I26: 1 | J26: 1 | K26: 1 | L26: 1 | M26: 1 | N26: 1 | O26: 1 | Q26: Jun-26 pending
A27: H&B | B27: H&B | C27: BEAUTY & NUTRIE | D27: 0 | E27: 1 | F27: 1 | G27: 1 | H27: 1 | I27: 1 | J27: 1 | K27: 1 | L27: 1 | M27: 1 | N27: 1 | O27: 0 | P27: 1 | Q27: ASSUMED map->H&B - confirm
A28: EB2B | B28: EB2B | C28: Fsn | D28: 164 | E28: 191 | F28: 160 | G28: 151 | H28: 156 | I28: 186 | J28: 168 | K28: 164 | L28: 168 | M28: 173 | N28: 229 | O28: 208 | P28: 217
A29: CNC | B29: CNC | C29: Metro Cnc | D29: 44 | E29: 42 | F29: 43 | G29: 35 | H29: 63 | I29: 58 | J29: 57 | K29: 53 | L29: 48 | M29: 53 | N29: 48 | O29: 48 | Q29: Jun-26 pending
A30: CNC | B30: CNC | C30: Walmart Cnc | D30: 21 | E30: 15 | F30: 15 | G30: 12 | H30: 18 | I30: 23 | J30: 25 | K30: 17 | L30: 17 | M30: 19 | N30: 26 | O30: 11 | Q30: Jun-26 pending
C32: Grand Total (source) | D32: =SUM(D2:D30) | E32: =SUM(E2:E30) | F32: =SUM(F2:F30) | G32: =SUM(G2:G30) | H32: =SUM(H2:H30) | I32: =SUM(I2:I30) | J32: =SUM(J2:J30) | K32: =SUM(K2:K30) | ... P32: =SUM(P2:P30)
A34: PASTE MONTHLY DATA HERE. Leave a cell BLANK if the value is not yet received (do NOT enter 0). The Summary & Chart read this sheet by 'Summary Bucket' via SUMIFS, so pasting the pending Jun-26 column auto-updates everything.

Sheet Mapping
A1: Format (mapping sheet) | B1: Chain | C1: Chain Mapping | D1: Summary Bucket used
A2: H/S MKT | B2: D-Mart | C2: D-Mart | D2: D-Mart
A3: H/S MKT | B3: Reliance Retail | C3: Reliance Retail | D3: Reliance
A4: H/S MKT | B4: Lulu | C4: Lulu | D4: Lulu
A5: H/S MKT | B5: Max Hyper | C5: Others | D5: HS-Others
A6: H/S MKT | B6: More Retail | C6: More Retail | D6: More
A7: H/S MKT | B7: Spencer | C7: Others | D7: HS-Others
A8: H/S MKT | B8: Trent Hypermarket | C8: Others | D8: HS-Others
A9: H/S MKT | B9: V-Mart | C9: Others | D9: HS-Others
A10: H/S MKT | B10: VMM | C10: Others | D10: HS-Others
A11: DRUG STORE | B11: Apollo Healthco | C11: Apollo Healthco | D11: Apollo
A12: DRUG STORE | B12: Wellness Forever | C12: Wellness Forever | D12: Wellness
... A39: SIS | B39: (no chains mapped yet) | C39: - | D39: SIS

Sheet Summary
A1: Format | B1: Chain / Line | C1: Q1-24 | D1: Q2-24 | E1: Q3-24 | F1: Q4-24 | G1: Q1-25 | H1: Q2-25 | I1: Q3-25 | J1: Q4-25 | K1: Q1-26 | L1: GO Sequential QoQ | M1: GO QoQ | N1: Remarks
A2: Hyper/Super | B2: D-Mart | C2: 2234 | D2: 1873 | E2: 1954 | F2: 2028 | G2: 2600 | H2: 2304 | I2: 2902 | J2: 3121 | K2: =IF(SUMPRODUCT((Source_Data!$B$2:$B$30="D-Mart")*(Source_Data!$O$2:$O$30<>"")*(Source_Data!$P$2:$P$30=""))>0,"Pending",SUMIFS(Source_Data!$N$2:$N$30,Source_Data!$B$2:$B$30,"D-Mart")+SUMIFS(Source_Data!$O$2:$O$30,Source_Data!$B$2:$B$30,"D-Mart")+SUMIFS(Source_Data!$P$2:$P$30,Source_Data!$B$2:$B$30,"D-Mart")) | L2: =IF(ISNUMBER(K2),IF(J2=0,"n/a",(K2-J2)/J2),"Pending") | M2: =IF(AND(ISNUMBER(K2),ISNUMBER(G2),G2<>0),(K2-G2)/G2,"Pending") | N2: Q1-26 = Apr+May+Jun-26 (auto from Source_Data)
B3: Reliance | C3: 1195 | D3: 1399 | E3: 1382 | F3: 1556 | G3: 1908 | H3: 1870 | I3: 2063 | J3: 2461 | K3: =IF(SUMPRODUCT((Source_Data!$B$2:$B$30="Reliance")*(Source_Data!$O$2:$O$30<>"")*(Source_Data!$P$2:$P$30=""))>0,"Pending",SUMIFS(Source_Data!$N$2:$N$30,Source_Data!$B$2:$B$30,"Reliance")+SUMIFS(Source_Data!$O$2:$O$30,Source_Data!$B$2:$B$30,"Reliance")+SUMIFS(Source_Data!$P$2:$P$30,Source_Data!$B$2:$B$30,"Reliance")) | L3: =IF(ISNUMBER(K3),IF(J3=0,"n/a",(K3-J3)/J3),"Pending") | M3: =IF(AND(ISNUMBER(K3),ISNUMBER(G3),G3<>0),(K3-G3)/G3,"Pending") | N3: Q1-26 = Apr+May+Jun-26 (auto from Source_Data)
B4: Lulu | C4: 115 | D4: 121 | E4: 94 | F4: 124 | G4: 124 | H4: 153 | I4: 220 | J4: 251 | K4: =IF(SUMPRODUCT((Source_Data!$B$2:$B$30="Lulu")*(Source_Data!$O$2:$O$30<>"")*(Source_Data!$P$2:$P$30=""))>0,"Pending",SUMIFS(Source_Data!$N$2:$N$30,Source_Data!$B$2:$B$30,"Lulu")+SUMIFS(Source_Data!$O$2:$O$30,Source_Data!$B$2:$B$30,"Lulu")+SUMIFS(Source_Data!$P$2:$P$30,Source_Data!$B$2:$B$30,"Lulu")) | L4: =IF(ISNUMBER(K4),IF(J4=0,"n/a",(K4-J4)/J4),"Pending") | M4: =IF(AND(ISNUMBER(K4),ISNUMBER(G4),G4<>0),(K4-G4)/G4,"Pending") | N4: Q1-26 = Apr+May+Jun-26 (auto from Source_Data)
B5: More | C5: 37 | D5: 54 | E5: 59 | F5: 71 | G5: 84 | H5: 104 | I5: 123 | J5: 123 | K5: =IF(SUMPRODUCT((Source_Data!$B$2:$B$30="More")*(Source_Data!$O$2:$O$30<>"")*(Source_Data!$P$2:$P$30=""))>0,"Pending",SUMIFS(Source_Data!$N$2:$N$30,Source_Data!$B$2:$B$30,"More")+SUMIFS(Source_Data!$O$2:$O$30,Source_Data!$B$2:$B$30,"More")+SUMIFS(Source_Data!$P$2:$P$30,Source_Data!$B$2:$B$30,"More")) | L5: =IF(ISNUMBER(K5),IF(J5=0,"n/a",(K5-J5)/J5),"Pending") | M5: =IF(AND(ISNUMBER(K5),ISNUMBER(G5),G5<>0),(K5-G5)/G5,"Pending") | N5: Q1-26 = Apr+May+Jun-26 (auto from Source_Data)
B6: Others | C6: 84 | D6: 120 | E6: 137 | F6: 112 | G6: 105 | H6: 88 | I6: 119 | J6: 155 | K6: =IF(SUMPRODUCT((Source_Data!$B$2:$B$30="HS-Others")*(Source_Data!$O$2:$O$30<>"")*(Source_Data!$P$2:$P$30=""))>0,"Pending",SUMIFS(Source_Data!$N$2:$N$30,Source_Data!$B$2:$B$30,"HS-Others")+SUMIFS(Source_Data!$O$2:$O$30,Source_Data!$B$2:$B$30,"HS-Others")+SUMIFS(Source_Data!$P$2:$P$30,Source_Data!$B$2:$B$30,"HS-Others")) | L6: =IF(ISNUMBER(K6),IF(J6=0,"n/a",(K6-J6)/J6),"Pending") | M6: =IF(AND(ISNUMBER(K6),ISNUMBER(G6),G6<>0),(K6-G6)/G6,"Pending") | N6: Max Hyper/Spencer/Trent/V-Mart/VMM; Q1-26 = Apr+May+Jun-26 (auto from Source_Data)
B7: H/S Total | C7: =SUM(C2:C6) | D7: =SUM(D2:D6) | E7: =SUM(E2:E6) | F7: =SUM(F2:F6) | G7: =SUM(G2:G6) | H7: =SUM(H2:H6) | I7: =SUM(I2:I6) | J7: =SUM(J2:J6) | K7: =IF(COUNTIF(K2:K6,"Pending")>0,"Pending",SUM(K2:K6)) | L7: =IF(ISNUMBER(K7),IF(J7=0,"n/a",(K7-J7)/J7),"Pending") | M7: =IF(AND(ISNUMBER(K7),ISNUMBER(G7),G7<>0),(K7-G7)/G7,"Pending") | N7: Q1-26 = Apr+May+Jun-26 (auto from Source_Data)
A8: Pharmacy | B8: Apollo | C8: 409 | D8: 399 | E8: 566 | F8: 602 | G8: 793 | H8: 921 | I8: 1552 | J8: 1615 | K8: =IF(SUMPRODUCT((Source_Data!$B$2:$B$30="Apollo")*(Source_Data!$O$2:$O$30<>"")*(Source_Data!$P$2:$P$30=""))>0,"Pending",SUMIFS(Source_Data!$N$2:$N$30,Source_Data!$B$2:$B$30,"Apollo")+SUMIFS(Source_Data!$O$2:$O$30,Source_Data!$B$2:$B$30,"Apollo")+SUMIFS(Source_Data!$P$2:$P$30,Source_Data!$B$2:$B$30,"Apollo")) | L8: =IF(ISNUMBER(K8),IF(J8=0,"n/a",(K8-J8)/J8),"Pending") | M8: =IF(AND(ISNUMBER(K8),ISNUMBER(G8),G8<>0),(K8-G8)/G8,"Pending") | N8: Q1-26 = Apr+May+Jun-26 (auto from Source_Data)
B9: Wellness | C9: 268 | D9: 211 | E9: 253 | F9: 259 | G9: 249 | H9: 211 | I9: 271 | J9: 266 | K9: =IF(SUMPRODUCT((Source_Data!$B$2:$B$30="Wellness")*(Source_Data!$O$2:$O$30<>"")*(Source_Data!$P$2:$P$30=""))>0,"Pending",SUMIFS(Source_Data!$N$2:$N$30,Source_Data!$B$2:$B$30,"Wellness")+SUMIFS(Source_Data!$O$2:$O$30,Source_Data!$B$2:$B$30,"Wellness")+SUMIFS(Source_Data!$P$2:$P$30,Source_Data!$B$2:$B$30,"Wellness")) | L9: =IF(ISNUMBER(K9),IF(J9=0,"n/a",(K9-J9)/J9),"Pending") | M9: =IF(AND(ISNUMBER(K9),ISNUMBER(G9),G9<>0),(K9-G9)/G9,"Pending") | N9: Q1-26 = Apr+May+Jun-26 (auto from Source_Data)
B10: Others | C10: 9 | D10: 10 | E10: 9 | F10: 11 | G10: 9 | H10: 12 | I10: 19 | J10: 22 | K10: =IF(SUMPRODUCT((Source_Data!$B$2:$B$30="Drug-Others")*(Source_Data!$O$2:$O$30<>"")*(Source_Data!$P$2:$P$30=""))>0,"Pending",SUMIFS(Source_Data!$N$2:$N$30,Source_Data!$B$2:$B$30,"Drug-Others")+SUMIFS(Source_Data!$O$2:$O$30,Source_Data!$B$2:$B$30,"Drug-Others")+SUMIFS(Source_Data!$P$2:$P$30,Source_Data!$B$2:$B$30,"Drug-Others")) | L10: =IF(ISNUMBER(K10),IF(J10=0,"n/a",(K10-J10)/J10),"Pending") | M10: =IF(AND(ISNUMBER(K10),ISNUMBER(G10),G10<>0),(K10-G10)/G10,"Pending") | N10: Guardian/Arambagh/Frankross; Q1-26 = Apr+May+Jun-26 (auto from Source_Data)
B11: Drug Total | C11: =SUM(C8:C10) | D11: =SUM(D8:D10) | E11: =SUM(E8:E10) | F11: =SUM(F8:F10) | G11: =SUM(G8:G10) | H11: =SUM(H8:H10) | I11: =SUM(I8:I10) | J11: =SUM(J8:J10) | K11: =IF(COUNTIF(K8:K10,"Pending")>0,"Pending",SUM(K8:K10)) | L11: =IF(ISNUMBER(K11),IF(J11=0,"n/a",(K11-J11)/J11),"Pending") | M11: =IF(AND(ISNUMBER(K11),ISNUMBER(G11),G11<>0),(K11-G11)/G11,"Pending") | N11: Q1-26 = Apr+May+Jun-26 (auto from Source_Data)
A12: Regional | B12: Regional | C12: 173 | D12: 145 | E12: 140 | F12: 131 | G12: 150 | H12: 145 | I12: 119 | J12: 109 | K12: =IF(SUMPRODUCT((Source_Data!$B$2:$B$30="Regional")*(Source_Data!$O$2:$O$30<>"")*(Source_Data!$P$2:$P$30=""))>0,"Pending",SUMIFS(Source_Data!$N$2:$N$30,Source_Data!$B$2:$B$30,"Regional")+SUMIFS(Source_Data!$O$2:$O$30,Source_Data!$B$2:$B$30,"Regional")+SUMIFS(Source_Data!$P$2:$P$30,Source_Data!$B$2:$B$30,"Regional")) | L12: =IF(ISNUMBER(K12),IF(J12=0,"n/a",(K12-J12)/J12),"Pending") | M12: =IF(AND(ISNUMBER(K12),ISNUMBER(G12),G12<>0),(K12-G12)/G12,"Pending") | N12: Q1-26 = Apr+May+Jun-26 (auto from Source_Data)
A13: H&B | B13: H&B | C13: 218 | D13: 187 | E13: 214 | F13: 224 | G13: 237 | H13: 255 | I13: 206 | J13: 182 | K13: =IF(SUMPRODUCT((Source_Data!$B$2:$B$30="H&B")*(Source_Data!$O$2:$O$30<>"")*(Source_Data!$P$2:$P$30=""))>0,"Pending",SUMIFS(Source_Data!$N$2:$N$30,Source_Data!$B$2:$B$30,"H&B")+SUMIFS(Source_Data!$O$2:$O$30,Source_Data!$B$2:$B$30,"H&B")+SUMIFS(Source_Data!$P$2:$P$30,Source_Data!$B$2:$B$30,"H&B")) | L13: =IF(ISNUMBER(K13),IF(J13=0,"n/a",(K13-J13)/J13),"Pending") | M13: =IF(AND(ISNUMBER(K13),ISNUMBER(G13),G13<>0),(K13-G13)/G13,"Pending") | N13: Q1-26 = Apr+May+Jun-26 (auto from Source_Data)
A14: EB2B | B14: EB2B | C14: 536 | D14: 458 | E14: 423 | F14: 388 | G14: 523 | H14: 502 | I14: 510 | J14: 505 | K14: =IF(SUMPRODUCT((Source_Data!$B$2:$B$30="EB2B")*(Source_Data!$O$2:$O$30<>"")*(Source_Data!$P$2:$P$30=""))>0,"Pending",SUMIFS(Source_Data!$N$2:$N$30,Source_Data!$B$2:$B$30,"EB2B")+SUMIFS(Source_Data!$O$2:$O$30,Source_Data!$B$2:$B$30,"EB2B")+SUMIFS(Source_Data!$P$2:$P$30,Source_Data!$B$2:$B$30,"EB2B")) | L14: =IF(ISNUMBER(K14),IF(J14=0,"n/a",(K14-J14)/J14),"Pending") | M14: =IF(AND(ISNUMBER(K14),ISNUMBER(G14),G14<>0),(K14-G14)/G14,"Pending") | N14: Q1-26 = Apr+May+Jun-26 (auto from Source_Data)
A15: CNC | B15: CNC | C15: 226 | D15: 218 | E15: 197 | F15: 214 | G15: 210 | H15: 154 | I15: 244 | J15: 206 | K15: =IF(SUMPRODUCT((Source_Data!$B$2:$B$30="CNC")*(Source_Data!$O$2:$O$30<>"")*(Source_Data!$P$2:$P$30=""))>0,"Pending",SUMIFS(Source_Data!$N$2:$N$30,Source_Data!$B$2:$B$30,"CNC")+SUMIFS(Source_Data!$O$2:$O$30,Source_Data!$B$2:$B$30,"CNC")+SUMIFS(Source_Data!$P$2:$P$30,Source_Data!$B$2:$B$30,"CNC")) | L15: =IF(ISNUMBER(K15),IF(J15=0,"n/a",(K15-J15)/J15),"Pending") | M15: =IF(AND(ISNUMBER(K15),ISNUMBER(G15),G15<>0),(K15-G15)/G15,"Pending") | N15: Q1-26 = Apr+May+Jun-26 (auto from Source_Data)
A16: SIS | B16: SIS | K16: Source data required | L16: Pending | M16: Pending | N16: NEW format added - no SIS source data provided yet
B17: Grand Total | C17: =SUM(C7,C11,C12:C16) | D17: =SUM(D7,D11,D12:D16) | E17: =SUM(E7,E11,E12:E16) | F17: =SUM(F7,F11,F12:F16) | G17: =SUM(G7,G11,G12:G16) | H17: =SUM(H7,H11,H12:H16) | I17: =SUM(I7,I11,I12:I16) | J17: =SUM(J7,J11,J12:J16) | K17: =IF(OR(K7="Pending",K11="Pending",K12="Pending",K13="Pending",K14="Pending",K15="Pending"),"Pending",SUM(K7,K11,K12,K13,K14,K15)) | L17: =IF(ISNUMBER(K17),IF(J17=0,"n/a",(K17-J17)/J17),"Pending") | M17: =IF(AND(ISNUMBER(K17),ISNUMBER(G17),G17<>0),(K17-G17)/G17,"Pending") | N17: Q1-26 Pending until all chains report Jun-26

Sheet Chart
A1: MT Total Sales - Quarterly Trend (Grand Total, incl. Others)
A2: Auto-linked to Summary!Grand Total. Q1-26 is 'Pending' (no plotted point) until every chain's Jun-26 is pasted into Source_Data; the point then appears automatically.

Sheet QC
A1: QC & VERIFICATION LOG - MT Sales Summary
A3: Key fixes applied
A4: 1. Root cause of -100%: Q1-26 was blank but treated as 0 in QoQ. Fixed: blank Jun-26 -> row shows 'Pending', QoQ shows 'Pending' (never -100%).
A5: 2. Quarter logic confirmed: Q1=Apr-Jun, Q2=Jul-Sep, Q3=Oct-Dec, Q4=Jan-Mar; FY label = start year (Apr-26 => Q1-26). Verified: D-Mart Q4-25 = Jan+Feb+Mar-26 = 967+928+1226 = 3121 (matches).
A6: 3. SIS format row ADDED to the summary (was missing). No SIS source data yet -> 'Source data required'.
A7: 4. Chart labels corrected (old chart mislabelled Q4-25/Q1-25 order and ended at 'Q4-26'). Now Q1-24..Q1-26, auto-linked.
A8: 5. Q1-26 column is now SUMIFS-driven from Source_Data -> pasting Jun-26 auto-updates table + chart. Historical Q1-24..Q4-25 kept as verified values.
A10: Quarter -> Month mapping
A11: Quarter | B11: Months
A12: Q2-25 | B12: Jul-25, Aug-25, Sep-25
A13: Q3-25 | B13: Oct-25, Nov-25, Dec-25
A14: Q4-25 | B14: Jan-26, Feb-26, Mar-26
A15: Q1-26 | B15: Apr-26, May-26, Jun-26
A17: Pending Jun-26 (chains missing -> Q1-26 not final)
A18: Live count of chains with May-26 filled but Jun-26 blank: | B18: =SUMPRODUCT((Source_Data!$O$2:$O$30<>"")*(Source_Data!$P$2:$P$30=""))
A19: Chains pending Jun-26: | B19: Reliance, More Retail, Spencer, Trent, Apollo, Arambagh, Ratandeep, Wh-Smith, Metro Cnc, Walmart Cnc
A21: Source-recomputed vs Screenshot-1 (Grand Total) - mismatch check
A22: Quarter | B22: Source (recomputed) | C22: Screenshot-1 | D22: Diff | E22: Note
A23: Q2-25 | B23: 6730 | C23: 6729 | D23: 1 | E23: rounding (<0.3%)
A24: Q3-25 | B24: 8363 | C24: 8349 | D24: 14 | E24: rounding (<0.3%)
A25: Q4-25 | B25: 9034 | C25: 9015 | D25: 19 | E25: rounding (<0.3%)
A26: Q1-26 | B26: partial/pending | C26: blank | D26: - | E26: Jun-26 incomplete -> pending
A28: Mapping gaps / assumptions to confirm
A29: Item | B29: Status
A30: Spar | B30: Not in mapping sheet - tentatively HS-Others (Others). Confirm.
A31: BEAUTY & NUTRIE | B31: Not in mapping sheet - tentatively H&B (Others). Confirm.
A32: National Mart / Sumo Save / Apna Mart | B32: Not in mapping - tentatively Regional (Others). Confirm.
A33: Ratanadeep vs Ratandeep | B33: Possible duplicate spelling in source - confirm single chain.
A34: Max Hyper | B34: In mapping (HS-Others) but no data column in source screenshot.
A35: SIS | B35: Format added; no chains mapped and no source data. Provide SIS chains + values.
A37: Data considered / not considered
A38: Considered | B38: MT channel only. All chains in Source_Data mapped to a Summary Bucket; 'Others' kept inside format totals.
A39: Not considered | B39: GT (General Trade) data - excluded per scope. Blank/pending months - excluded from sums (not zero-filled).
